{
  "n2:N2P": {
    "n": 976,
    "mean": 1.0623612668001015,
    "std": 0.18876243937270126,
    "q10": 0.8641814949396764,
    "q25": 0.9756398812225698,
    "q50": 1.047659894670673,
    "q75": 1.1575573142860422,
    "q90": 1.2845732352601713,
    "moment_skewness": 0.10955132109333111,
    "bowley_skewness": 0.208212074727606,
    "right_tail_cutoff_q3_1p5iqr": 1.4304334638812508,
    "right_tail_mass_q3_1p5iqr": 0.03790983606557377,
    "right_tail_mass_q90": 0.10040983606557377,
    "mean_minus_median": 0.014701372129428458
  },
  "n2:N2N": {
    "n": 2904,
    "mean": 1.0568973364118006,
    "std": 0.1841787375197735,
    "q10": 0.8472738848168035,
    "q25": 0.9679176129332667,
    "q50": 1.057739467240685,
    "q75": 1.1526327183755254,
    "q90": 1.2676565612232373,
    "moment_skewness": -0.1413046169744537,
    "bowley_skewness": 0.02745523607979848,
    "right_tail_cutoff_q3_1p5iqr": 1.4297053765389134,
    "right_tail_mass_q3_1p5iqr": 0.028925619834710745,
    "right_tail_mass_q90": 0.10020661157024793,
    "mean_minus_median": -0.000842130828884402
  },
  "n3:N2P": {
    "n": 944,
    "mean": 1.0746234680397917,
    "std": 0.18183750370727847,
    "q10": 0.8695549818114716,
    "q25": 0.9754175935845546,
    "q50": 1.0689737585069035,
    "q75": 1.1641603519607213,
    "q90": 1.2946902693439974,
    "moment_skewness": 0.10368532530812136,
    "bowley_skewness": 0.008638363376143588,
    "right_tail_cutoff_q3_1p5iqr": 1.4472744895249714,
    "right_tail_mass_q3_1p5iqr": 0.03072033898305085,
    "right_tail_mass_q90": 0.10063559322033898,
    "mean_minus_median": 0.005649709532888236
  },
  "n3:N2N": {
    "n": 2824,
    "mean": 1.0691320248194252,
    "std": 0.18442443143133835,
    "q10": 0.857455769976082,
    "q25": 0.9801250039504232,
    "q50": 1.0647141972729863,
    "q75": 1.160800644426332,
    "q90": 1.2855594976727136,
    "moment_skewness": -0.04088864395229772,
    "bowley_skewness": 0.06363477555966118,
    "right_tail_cutoff_q3_1p5iqr": 1.431814105140195,
    "right_tail_mass_q3_1p5iqr": 0.0339943342776204,
    "right_tail_mass_q90": 0.10021246458923513,
    "mean_minus_median": 0.004417827546438824
  },
  "_ranking": {
    "by_bowley_skewness_desc": [
      [
        "n2:N2P",
        0.208212074727606
      ],
      [
        "n3:N2N",
        0.06363477555966118
      ],
      [
        "n2:N2N",
        0.02745523607979848
      ],
      [
        "n3:N2P",
        0.008638363376143588
      ]
    ],
    "by_moment_skewness_desc": [
      [
        "n2:N2P",
        0.10955132109333111
      ],
      [
        "n3:N2P",
        0.10368532530812136
      ],
      [
        "n3:N2N",
        -0.04088864395229772
      ],
      [
        "n2:N2N",
        -0.1413046169744537
      ]
    ],
    "by_right_tail_mass_q3_1p5iqr_desc": [
      [
        "n2:N2P",
        0.03790983606557377
      ],
      [
        "n3:N2N",
        0.0339943342776204
      ],
      [
        "n3:N2P",
        0.03072033898305085
      ],
      [
        "n2:N2N",
        0.028925619834710745
      ]
    ]
  }
}