{
  "n3:N2P": {
    "n": 944,
    "mean": 1.0746234680397917,
    "std": 0.18183750370727847,
    "q10": 0.8695549818114716,
    "q25": 0.9754175935845546,
    "q50": 1.0689737585069035,
    "q75": 1.1641603519607213,
    "q90": 1.2946902693439974,
    "moment_skewness": 0.10368532530812136,
    "bowley_skewness": 0.008638363376143588,
    "right_tail_cutoff_q3_1p5iqr": 1.4472744895249714,
    "right_tail_mass_q3_1p5iqr": 0.03072033898305085,
    "right_tail_mass_q90": 0.10063559322033898,
    "mean_minus_median": 0.005649709532888236
  },
  "n3:N2N": {
    "n": 2824,
    "mean": 1.0691320248194252,
    "std": 0.18442443143133835,
    "q10": 0.857455769976082,
    "q25": 0.9801250039504232,
    "q50": 1.0647141972729863,
    "q75": 1.160800644426332,
    "q90": 1.2855594976727136,
    "moment_skewness": -0.04088864395229772,
    "bowley_skewness": 0.06363477555966118,
    "right_tail_cutoff_q3_1p5iqr": 1.431814105140195,
    "right_tail_mass_q3_1p5iqr": 0.0339943342776204,
    "right_tail_mass_q90": 0.10021246458923513,
    "mean_minus_median": 0.004417827546438824
  },
  "n1:N2P": {
    "n": 1032,
    "mean": 1.0556330930093072,
    "std": 0.18569327720177553,
    "q10": 0.8492037836734387,
    "q25": 0.9690933480957217,
    "q50": 1.0498193024973734,
    "q75": 1.1572443417124227,
    "q90": 1.276563174271725,
    "moment_skewness": -0.284000813726336,
    "bowley_skewness": 0.1419024385690383,
    "right_tail_cutoff_q3_1p5iqr": 1.4394708321374743,
    "right_tail_mass_q3_1p5iqr": 0.02131782945736434,
    "right_tail_mass_q90": 0.10077519379844961,
    "mean_minus_median": 0.0058137905119337585
  },
  "n1:N2N": {
    "n": 2792,
    "mean": 1.0670383563558907,
    "std": 0.18316638058570023,
    "q10": 0.8667489329742711,
    "q25": 0.9751945411531773,
    "q50": 1.0652981175722092,
    "q75": 1.1620678419214916,
    "q90": 1.2782382053139754,
    "moment_skewness": -0.07636897819270053,
    "bowley_skewness": 0.035672018971372635,
    "right_tail_cutoff_q3_1p5iqr": 1.442377793073963,
    "right_tail_mass_q3_1p5iqr": 0.027578796561604585,
    "right_tail_mass_q90": 0.10028653295128939,
    "mean_minus_median": 0.0017402387836815691
  },
  "_ranking": {
    "by_bowley_skewness_desc": [
      [
        "n1:N2P",
        0.1419024385690383
      ],
      [
        "n3:N2N",
        0.06363477555966118
      ],
      [
        "n1:N2N",
        0.035672018971372635
      ],
      [
        "n3:N2P",
        0.008638363376143588
      ]
    ],
    "by_moment_skewness_desc": [
      [
        "n3:N2P",
        0.10368532530812136
      ],
      [
        "n3:N2N",
        -0.04088864395229772
      ],
      [
        "n1:N2N",
        -0.07636897819270053
      ],
      [
        "n1:N2P",
        -0.284000813726336
      ]
    ],
    "by_right_tail_mass_q3_1p5iqr_desc": [
      [
        "n3:N2N",
        0.0339943342776204
      ],
      [
        "n3:N2P",
        0.03072033898305085
      ],
      [
        "n1:N2N",
        0.027578796561604585
      ],
      [
        "n1:N2P",
        0.02131782945736434
      ]
    ]
  }
}