{
  "n2:N2P": {
    "n": 976,
    "mean": 1.0623612668001015,
    "std": 0.18876243937270126,
    "q10": 0.8641814949396764,
    "q25": 0.9756398812225698,
    "q50": 1.047659894670673,
    "q75": 1.1575573142860422,
    "q90": 1.2845732352601713,
    "moment_skewness": 0.10955132109333111,
    "bowley_skewness": 0.208212074727606,
    "right_tail_cutoff_q3_1p5iqr": 1.4304334638812508,
    "right_tail_mass_q3_1p5iqr": 0.03790983606557377,
    "right_tail_mass_q90": 0.10040983606557377,
    "mean_minus_median": 0.014701372129428458
  },
  "n2:N2N": {
    "n": 2904,
    "mean": 1.0568973364118006,
    "std": 0.1841787375197735,
    "q10": 0.8472738848168035,
    "q25": 0.9679176129332667,
    "q50": 1.057739467240685,
    "q75": 1.1526327183755254,
    "q90": 1.2676565612232373,
    "moment_skewness": -0.1413046169744537,
    "bowley_skewness": 0.02745523607979848,
    "right_tail_cutoff_q3_1p5iqr": 1.4297053765389134,
    "right_tail_mass_q3_1p5iqr": 0.028925619834710745,
    "right_tail_mass_q90": 0.10020661157024793,
    "mean_minus_median": -0.000842130828884402
  },
  "n1:N2P": {
    "n": 1032,
    "mean": 1.0556330930093072,
    "std": 0.18569327720177553,
    "q10": 0.8492037836734387,
    "q25": 0.9690933480957217,
    "q50": 1.0498193024973734,
    "q75": 1.1572443417124227,
    "q90": 1.276563174271725,
    "moment_skewness": -0.284000813726336,
    "bowley_skewness": 0.1419024385690383,
    "right_tail_cutoff_q3_1p5iqr": 1.4394708321374743,
    "right_tail_mass_q3_1p5iqr": 0.02131782945736434,
    "right_tail_mass_q90": 0.10077519379844961,
    "mean_minus_median": 0.0058137905119337585
  },
  "n1:N2N": {
    "n": 2792,
    "mean": 1.0670383563558907,
    "std": 0.18316638058570023,
    "q10": 0.8667489329742711,
    "q25": 0.9751945411531773,
    "q50": 1.0652981175722092,
    "q75": 1.1620678419214916,
    "q90": 1.2782382053139754,
    "moment_skewness": -0.07636897819270053,
    "bowley_skewness": 0.035672018971372635,
    "right_tail_cutoff_q3_1p5iqr": 1.442377793073963,
    "right_tail_mass_q3_1p5iqr": 0.027578796561604585,
    "right_tail_mass_q90": 0.10028653295128939,
    "mean_minus_median": 0.0017402387836815691
  },
  "_ranking": {
    "by_bowley_skewness_desc": [
      [
        "n2:N2P",
        0.208212074727606
      ],
      [
        "n1:N2P",
        0.1419024385690383
      ],
      [
        "n1:N2N",
        0.035672018971372635
      ],
      [
        "n2:N2N",
        0.02745523607979848
      ]
    ],
    "by_moment_skewness_desc": [
      [
        "n2:N2P",
        0.10955132109333111
      ],
      [
        "n1:N2N",
        -0.07636897819270053
      ],
      [
        "n2:N2N",
        -0.1413046169744537
      ],
      [
        "n1:N2P",
        -0.284000813726336
      ]
    ],
    "by_right_tail_mass_q3_1p5iqr_desc": [
      [
        "n2:N2P",
        0.03790983606557377
      ],
      [
        "n2:N2N",
        0.028925619834710745
      ],
      [
        "n1:N2N",
        0.027578796561604585
      ],
      [
        "n1:N2P",
        0.02131782945736434
      ]
    ]
  }
}